{"farPlane": 603.978, "nearPlane": 14.880, "upVector": [-1, 0, 0], "numberOfResources": 1, "targetPosition": [9.70448, 6.70547, -5.24319], "timeEnabled": [1], "morphColour" : [0], "eyePosition": [16.7442, -124.385, 261.842]}