{
	"metadata" : {
		"formatVersion" : 3,
		"description" : "Exported from LibZinc."
	},

	"materials" : [ {
	"DbgColor" : 15658734,
	"DbgIndex" : 0,
	"DbgName" : "my_material",
	"colorDiffuse" : [1, 1, 1],
	"colorSpecular" : [0, 0, 0],
	"mapDiffuse" : "picture.png",
	"mapDiffuseWrap" : ["repeat", "repeat"],
	"shading" : "Phong",
	"specularCoef" : 0,
	"opacity" : 1,
	"vertexColors" : true
	}],

	"vertices" : [
		2.400000,0.000000,0.0,4.400000,0.000000,0.0,2.400000,2.200000,0.0,4.400000,2.200000,0.0
	],

	"normals" : [
		0.000000,0.000000,1.000000,0.000000,0.000000,1.000000,0.000000,0.000000,1.000000,0.000000,0.000000,1.000000
	],

	"uvs" : [[
		0.000000,0.000000,1.000000,0.000000,0.000000,1.000000,1.000000,1.000000
	]],

	"faces": [
		40 ,0,1,2 ,0,1,2 ,0,1,2,
		40 ,2,1,3 ,2,1,3 ,2,1,3
	]

}
