{"farPlane": 20.365605364950603, "targetPosition": [2.200000047683716, 1.100000023841858, 0.0], "nearPlane": 0.5017485542495561, "upVector": [0.0, 1.0, 0.0], "eyePosition": [2.200000047683716, 1.100000023841858, 10.034971084991113]}