{"farPlane": 7.170513518572951, "targetPosition": [0.5, 0.5, 0.5], "nearPlane": 0.1766603411339156, "upVector": [0.0, 1.0, 0.0], "eyePosition": [0.5, 0.5, 4.033206822678309]}