{
	"metadata" : {
		"formatVersion" : 3,
		"description" : "Exported from LibZinc."
	},

	"materials" : [ {
	"DbgColor" : 15658734,
	"DbgIndex" : 0,
	"DbgName" : "my_material",
	"colorDiffuse" : [1, 1, 1],
	"colorSpecular" : [0, 0, 0],
	"shading" : "Phong",
	"specularCoef" : 0,
	"opacity" : 1,
	"vertexColors" : true
	}],

	"vertices" : [
		0.000000,0.000000,0.000000,0.000000,0.000000,0.166667,0.000000,0.000000,0.000000,0.000000,0.083333,0.144338,0.000000,0.000000,0.000000,0.000000,0.144338,0.083333,0.000000,0.000000,0.000000,0.000000,0.166667,0.000000,0.000000,0.000000,0.000000,0.000000,0.144338,-0.083333,
		0.000000,0.000000,0.000000,0.000000,0.083333,-0.144338,0.000000,0.000000,0.000000,0.000000,0.000000,-0.166667,0.000000,0.000000,0.000000,0.000000,-0.083333,-0.144338,0.000000,0.000000,0.000000,0.000000,-0.144338,-0.083333,0.000000,0.000000,0.000000,0.000000,-0.166667,-0.000000,
		0.000000,0.000000,0.000000,0.000000,-0.144338,0.083333,0.000000,0.000000,0.000000,0.000000,-0.083333,0.144338,0.000000,0.000000,0.000000,0.000000,-0.000000,0.166667,0.000000,0.000000,0.166667,0.666667,0.000000,0.166667,0.000000,0.083333,0.144338,0.666667,0.083333,0.144338,
		0.000000,0.144338,0.083333,0.666667,0.144338,0.083333,0.000000,0.166667,0.000000,0.666667,0.166667,0.000000,0.000000,0.144338,-0.083333,0.666667,0.144338,-0.083333,0.000000,0.083333,-0.144338,0.666667,0.083333,-0.144338,0.000000,0.000000,-0.166667,0.666667,0.000000,-0.166667,
		0.000000,-0.083333,-0.144338,0.666667,-0.083333,-0.144338,0.000000,-0.144338,-0.083333,0.666667,-0.144338,-0.083333,0.000000,-0.166667,-0.000000,0.666667,-0.166667,-0.000000,0.000000,-0.144338,0.083333,0.666667,-0.144338,0.083333,0.000000,-0.083333,0.144338,0.666667,-0.083333,0.144338,
		0.000000,-0.000000,0.166667,0.666667,-0.000000,0.166667,0.666667,0.000000,0.166667,0.666667,0.000000,0.500000,0.666667,0.083333,0.144338,0.666667,0.250000,0.433013,0.666667,0.144338,0.083333,0.666667,0.433013,0.250000,0.666667,0.166667,0.000000,0.666667,0.500000,0.000000,
		0.666667,0.144338,-0.083333,0.666667,0.433013,-0.250000,0.666667,0.083333,-0.144338,0.666667,0.250000,-0.433013,0.666667,0.000000,-0.166667,0.666667,0.000000,-0.500000,0.666667,-0.083333,-0.144338,0.666667,-0.250000,-0.433013,0.666667,-0.144338,-0.083333,0.666667,-0.433013,-0.250000,
		0.666667,-0.166667,-0.000000,0.666667,-0.500000,-0.000000,0.666667,-0.144338,0.083333,0.666667,-0.433013,0.250000,0.666667,-0.083333,0.144338,0.666667,-0.250000,0.433013,0.666667,-0.000000,0.166667,0.666667,-0.000000,0.500000,0.666667,0.000000,0.500000,1.000000,0.000000,0.000000,
		0.666667,0.250000,0.433013,1.000000,0.000000,0.000000,0.666667,0.433013,0.250000,1.000000,0.000000,0.000000,0.666667,0.500000,0.000000,1.000000,0.000000,0.000000,0.666667,0.433013,-0.250000,1.000000,0.000000,0.000000,0.666667,0.250000,-0.433013,1.000000,0.000000,0.000000,
		0.666667,0.000000,-0.500000,1.000000,0.000000,0.000000,0.666667,-0.250000,-0.433013,1.000000,0.000000,0.000000,0.666667,-0.433013,-0.250000,1.000000,0.000000,0.000000,0.666667,-0.500000,-0.000000,1.000000,0.000000,0.000000,0.666667,-0.433013,0.250000,1.000000,0.000000,0.000000,
		0.666667,-0.250000,0.433013,1.000000,0.000000,0.000000,0.666667,-0.000000,0.500000,1.000000,0.000000,0.000000
	],

	"normals" : [
		-1.000000,0.000000,0.000000,-1.000000,0.000000,0.000000,-1.000000,0.000000,0.000000,-1.000000,0.000000,0.000000,-1.000000,0.000000,0.000000,-1.000000,0.000000,0.000000,-1.000000,0.000000,0.000000,-1.000000,0.000000,0.000000,-1.000000,0.000000,-0.000000,-1.000000,0.000000,-0.000000,
		-1.000000,0.000000,-0.000000,-1.000000,0.000000,-0.000000,-1.000000,0.000000,-0.000000,-1.000000,0.000000,-0.000000,-1.000000,-0.000000,-0.000000,-1.000000,-0.000000,-0.000000,-1.000000,-0.000000,-0.000000,-1.000000,-0.000000,-0.000000,-1.000000,-0.000000,-0.000000,-1.000000,-0.000000,-0.000000,
		-1.000000,-0.000000,0.000000,-1.000000,-0.000000,0.000000,-1.000000,-0.000000,0.000000,-1.000000,-0.000000,0.000000,-1.000000,-0.000000,0.000000,-1.000000,-0.000000,0.000000,-0.000000,0.000000,1.000000,-0.000000,0.000000,1.000000,-0.000000,0.500000,0.866025,-0.000000,0.500000,0.866025,
		-0.000000,0.866025,0.500000,-0.000000,0.866025,0.500000,-0.000000,1.000000,0.000000,-0.000000,1.000000,0.000000,-0.000000,0.866025,-0.500000,-0.000000,0.866025,-0.500000,-0.000000,0.500000,-0.866025,-0.000000,0.500000,-0.866025,-0.000000,0.000000,-1.000000,-0.000000,0.000000,-1.000000,
		-0.000000,-0.500000,-0.866025,-0.000000,-0.500000,-0.866025,-0.000000,-0.866025,-0.500000,-0.000000,-0.866025,-0.500000,-0.000000,-1.000000,-0.000000,-0.000000,-1.000000,-0.000000,-0.000000,-0.866025,0.500000,-0.000000,-0.866025,0.500000,-0.000000,-0.500000,0.866025,-0.000000,-0.500000,0.866025,
		-0.000000,-0.000000,1.000000,-0.000000,-0.000000,1.000000,-1.000000,0.000000,0.000000,-1.000000,0.000000,0.000000,-1.000000,0.000000,0.000000,-1.000000,0.000000,0.000000,-1.000000,0.000000,0.000000,-1.000000,0.000000,0.000000,-1.000000,0.000000,0.000000,-1.000000,0.000000,0.000000,
		-1.000000,0.000000,-0.000000,-1.000000,0.000000,-0.000000,-1.000000,0.000000,-0.000000,-1.000000,0.000000,-0.000000,-1.000000,0.000000,-0.000000,-1.000000,0.000000,-0.000000,-1.000000,-0.000000,-0.000000,-1.000000,-0.000000,-0.000000,-1.000000,-0.000000,-0.000000,-1.000000,-0.000000,-0.000000,
		-1.000000,-0.000000,-0.000000,-1.000000,-0.000000,-0.000000,-1.000000,-0.000000,0.000000,-1.000000,-0.000000,0.000000,-1.000000,-0.000000,0.000000,-1.000000,-0.000000,0.000000,-1.000000,-0.000000,0.000000,-1.000000,-0.000000,0.000000,0.832050,0.000000,0.554700,0.832050,0.000000,0.554700,
		0.832050,0.277350,0.480384,0.832050,0.277350,0.480384,0.832050,0.480384,0.277350,0.832050,0.480384,0.277350,0.832050,0.554700,0.000000,0.832050,0.554700,0.000000,0.832050,0.480384,-0.277350,0.832050,0.480384,-0.277350,0.832050,0.277350,-0.480384,0.832050,0.277350,-0.480384,
		0.832050,0.000000,-0.554700,0.832050,0.000000,-0.554700,0.832050,-0.277350,-0.480384,0.832050,-0.277350,-0.480384,0.832050,-0.480384,-0.277350,0.832050,-0.480384,-0.277350,0.832050,-0.554700,-0.000000,0.832050,-0.554700,-0.000000,0.832050,-0.480384,0.277350,0.832050,-0.480384,0.277350,
		0.832050,-0.277350,0.480384,0.832050,-0.277350,0.480384,0.832050,-0.000000,0.554700,0.832050,-0.000000,0.554700
	],