{"farPlane": 5.8546997714108535, "targetPosition": [0.5, 0.5, 0.0], "nearPlane": 0.14424256452136783, "upVector": [0.0, 1.0, 0.0], "eyePosition": [0.5, 0.5, 2.884851290427354]}