{"farPlane": 606.8051262031804, "targetPosition": [9.700431823730469, 6.358150482177734, -4.9103240966796875], "nearPlane": 14.949891708480703, "upVector": [0.0, 1.0, 0.0], "eyePosition": [9.700431823730469, 6.358150482177734, 294.08751007293415]}