{
	"metadata" : {
		"formatVersion" : 3,
		"description" : "Exported from LibZinc."
	},

	"materials" : [ {
	"DbgColor" : 15658734,
	"DbgIndex" : 0,
	"DbgName" : "my_material",
	"colorDiffuse" : [1, 1, 1],
	"colorSpecular" : [0, 0, 0],
	"shading" : "Phong",
	"specularCoef" : 0,
	"opacity" : 1,
	"vertexColors" : true
	}],

	"vertices" : [
		0.000000,0.000000,0.500000,1.000000,0.000000,0.000000,0.000000,0.250000,0.433013,1.000000,0.000000,0.000000,0.000000,0.433013,0.250000,1.000000,0.000000,0.000000,0.000000,0.500000,0.000000,1.000000,0.000000,0.000000,0.000000,0.433013,-0.250000,1.000000,0.000000,0.000000,
		0.000000,0.250000,-0.433013,1.000000,0.000000,0.000000,0.000000,0.000000,-0.500000,1.000000,0.000000,0.000000,0.000000,-0.250000,-0.433013,1.000000,0.000000,0.000000,0.000000,-0.433013,-0.250000,1.000000,0.000000,0.000000,0.000000,-0.500000,-0.000000,1.000000,0.000000,0.000000,
		0.000000,-0.433013,0.250000,1.000000,0.000000,0.000000,0.000000,-0.250000,0.433013,1.000000,0.000000,0.000000,0.000000,-0.000000,0.500000,1.000000,0.000000,0.000000
	],

	"normals" : [
		0.447214,0.000000,0.894427,0.447214,0.000000,0.894427,0.447214,0.447214,0.774597,0.447214,0.447214,0.774597,0.447214,0.774597,0.447214,0.447214,0.774597,0.447214,0.447214,0.894427,0.000000,0.447214,0.894427,0.000000,0.447214,0.774597,-0.447214,0.447214,0.774597,-0.447214,
		0.447214,0.447214,-0.774597,0.447214,0.447214,-0.774597,0.447214,0.000000,-0.894427,0.447214,0.000000,-0.894427,0.447214,-0.447214,-0.774597,0.447214,-0.447214,-0.774597,0.447214,-0.774597,-0.447214,0.447214,-0.774597,-0.447214,0.447214,-0.894427,-0.000000,0.447214,-0.894427,-0.000000,
		0.447214,-0.774597,0.447214,0.447214,-0.774597,0.447214,0.447214,-0.447214,0.774597,0.447214,-0.447214,0.774597,0.447214,-0.000000,0.894427,0.447214,-0.000000,0.894427
	],

	"faces": [
		32 ,0,1,2 ,0,1,2,
		32 ,2,1,3 ,2,1,3,
		32 ,2,3,4 ,2,3,4,
		32 ,4,3,5 ,4,3,5,
		32 ,4,5,6 ,4,5,6,
		32 ,6,5,7 ,6,5,7,
		32 ,6,7,8 ,6,7,8,
		32 ,8,7,9 ,8,7,9,
		32 ,8,9,10 ,8,9,10,
		32 ,10,9,11 ,10,9,11,
		32 ,10,11,12 ,10,11,12,
		32 ,12,11,13 ,12,11,13,
		32 ,12,13,14 ,12,13,14,
		32 ,14,13,15 ,14,13,15,
		32 ,14,15,16 ,14,15,16,
		32 ,16,15,17 ,16,15,17,
		32 ,16,17,18 ,16,17,18,
		32 ,18,17,19 ,18,17,19,
		32 ,18,19,20 ,18,19,20,
		32 ,20,19,21 ,20,19,21,
		32 ,20,21,22 ,20,21,22,
		32 ,22,21,23 ,22,21,23,
		32 ,22,23,24 ,22,23,24,
		32 ,24,23,25 ,24,23,25
	]

}
