{
	"metadata" : {
		"formatVersion" : 3,
		"description" : "Exported from LibZinc."
	},

	"vertices" : [
		0.000000,1.000000,0.000000,0.000000,0.000000,0.000000,0.000000,1.000000,1.000000,0.000000,0.000000,1.000000,1.000000,0.000000,0.000000,1.000000,1.000000,0.000000,1.000000,0.000000,1.000000,1.000000,1.000000,1.000000,0.000000,0.000000,1.000000,0.000000,0.000000,0.000000,
		1.000000,0.000000,1.000000,1.000000,0.000000,0.000000,0.000000,1.000000,0.000000,0.000000,1.000000,1.000000,1.000000,1.000000,0.000000,1.000000,1.000000,1.000000,1.000000,0.000000,0.000000,0.000000,0.000000,0.000000,1.000000,1.000000,0.000000,0.000000,1.000000,0.000000,
		0.000000,0.000000,1.000000,1.000000,0.000000,1.000000,0.000000,1.000000,1.000000,1.000000,1.000000,1.000000
	],

	"colors" : [
		255,255,255,255,16711680,16711680,16711680,16711680,255,255,
		16711680,16711680,255,255,16711680,16711680,16711680,255,16711680,255,
		255,16711680,255,16711680
	],

	"normals" : [
		-1.000000,-0.000000,-0.000000,-1.000000,-0.000000,-0.000000,-1.000000,-0.000000,-0.000000,-1.000000,-0.000000,-0.000000,1.000000,0.000000,0.000000,1.000000,0.000000,0.000000,1.000000,0.000000,0.000000,1.000000,0.000000,0.000000,-0.000000,-1.000000,-0.000000,-0.000000,-1.000000,-0.000000,
		-0.000000,-1.000000,-0.000000,-0.000000,-1.000000,-0.000000,0.000000,1.000000,0.000000,0.000000,1.000000,0.000000,0.000000,1.000000,0.000000,0.000000,1.000000,0.000000,-0.000000,-0.000000,-1.000000,-0.000000,-0.000000,-1.000000,-0.000000,-0.000000,-1.000000,-0.000000,-0.000000,-1.000000,
		0.000000,0.000000,1.000000,0.000000,0.000000,1.000000,0.000000,0.000000,1.000000,0.000000,0.000000,1.000000
	],

	"faces": [
		160 ,0,1,2 ,0,1,2 ,0,1,2,
		160 ,2,1,3 ,2,1,3 ,2,1,3,
		160 ,4,5,6 ,4,5,6 ,4,5,6,
		160 ,6,5,7 ,6,5,7 ,6,5,7,
		160 ,8,9,10 ,8,9,10 ,8,9,10,
		160 ,10,9,11 ,10,9,11 ,10,9,11,
		160 ,12,13,14 ,12,13,14 ,12,13,14,
		160 ,14,13,15 ,14,13,15 ,14,13,15,
		160 ,16,17,18 ,16,17,18 ,16,17,18,
		160 ,18,17,19 ,18,17,19 ,18,17,19,
		160 ,20,21,22 ,20,21,22 ,20,21,22,
		160 ,22,21,23 ,22,21,23 ,22,21,23
	]

}
