{"farPlane": 601.1211762872496, "nearPlane": 14.809855917663832, "upVector": [0.0, 1.0, 0.0], "numberOfResources": 1, "targetPosition": [9.704483032226562, 6.385875701904297, -5.001008987426758], "timeEnabled": [1], "morphColour" : [0], "eyePosition": [9.704483032226562, 6.385875701904297, 291.1961093658496]}