{"farPlane": 1303.94, "nearPlane": 0.130893, "upVector": [0.0, 0.0, 1.0], "numberOfResources": 2, "targetPosition": [0, 4.91542, -22.4091], "timeEnabled": [0, 0], "morphColour" : [0, 0], "eyePosition": [193.933, 465.566, -13.8708]}
